<?xml version="1.0" encoding="UTF-8" ?>
<!DOCTYPE mapper
        PUBLIC "-//mybatis.org//DTD Mapper 3.0//EN"
        "https://mybatis.org/dtd/mybatis-3-mapper.dtd">
<mapper namespace="com.kh.boot.mappers.BoardMapper">

    <resultMap id="boardResult" type="Board">
        <result column="BOARD_NO" property="boardNo"/>
        <result column="BOARD_TITLE" property="boardTitle"/>
        <result column="BOARD_WRITER" property="boardWriter"/>
        <result column="BOARD_CONTENT" property="boardContent"/>
        <result column="ORIGIN_NAME" property="originName"/>
        <result column="CHANGE_NAME" property="changeName"/>
        <result column="COUNT" property="count"/>
        <result column="CREATE_DATE" property="createDate"/>
        <result column="STATUS" property="status"/>
    </resultMap>
    <resultMap id="replyResult" type="Reply">
        <result column="REPLY_NO" property="replyNo"/>
        <result column="REPLY_CONTENT" property="replyContent"/>
        <result column="REPLY_WRITER" property="replyWriter"/>
        <result column="CREATE_DATE" property="createDate"/>
    </resultMap>
    <select id="selectBoardCount" resultType="_int">
        SELECT COUNT(*)
        FROM BOARD
        WHERE STATUS = 'Y'
    </select>
    <select id="selectBoardList" resultMap="boardResult">
        SELECT BOARD_NO,
        BOARD_TITLE,
        BOARD_WRITER,
        ORIGIN_NAME,
        COUNT,
        TO_CHAR(CREATE_DATE, 'YYYY-MM-DD') AS CREATE_DATE
        FROM BOARD
        WHERE STATUS = 'Y'
        ORDER BY BOARD_NO DESC
    </select>
    <insert id="insertBoard">
        INSERT
        INTO BOARD(
        BOARD_NO,
        BOARD_TITLE,
        BOARD_WRITER,
        BOARD_CONTENT,
        ORIGIN_NAME,
        CHANGE_NAME
        ) VALUES (
        SEQ_BNO.NEXTVAL,
        #{boardTitle},
        #{boardWriter},
        #{boardContent},
        #{originName},
        #{changeName}
        )
    </insert>
    <update id="increaseCount">
        UPDATE BOARD
        SET COUNT = COUNT + 1
        WHERE BOARD_NO = #{bno}
        AND STATUS = 'Y'
    </update>
    <select id="selectBoard" resultMap="boardResult">
        SELECT BOARD_NO,
        BOARD_TITLE,
        BOARD_WRITER,
        BOARD_CONTENT,
        ORIGIN_NAME,
        CHANGE_NAME,
        COUNT,
        TO_CHAR(CREATE_DATE, 'YYYY-MM-DD') AS CREATE_DATE
        FROM BOARD
        WHERE STATUS = 'Y'
        AND BOARD_NO = #{bno}
    </select>
    <insert id="insertReply">
        INSERT
        INTO REPLY(
        REPLY_NO,
        REPLY_CONTENT,
        REF_BNO,
        REPLY_WRITER
        ) VALUES(
        SEQ_RNO.NEXTVAL,
        #{replyContent},
        #{refBno},
        #{replyWriter}
        )
    </insert>
    <select id="selectReplyList" resultMap="replyResult">
        SELECT REPLY_NO,
        REPLY_CONTENT,
        REPLY_WRITER,
        TO_CHAR(CREATE_DATE, 'YYYY-MM-DD') AS CREATE_DATE
        FROM REPLY
        WHERE STATUS = 'Y'
        AND REF_BNO = #{boardNo}
        ORDER BY REPLY_NO DESC
    </select>
    <select id="getBoardTopN" resultMap="boardResult">
        SELECT BOARD_NO,
        BOARD_TITLE,
        BOARD_WRITER,
        ORIGIN_NAME,
        COUNT,
        TO_CHAR(CREATE_DATE, 'YYYY-MM-DD') AS CREATE_DATE
        FROM BOARD
        WHERE STATUS = 'Y'
        <choose>
            <when test="order == 'count'">
                ORDER BY COUNT DESC
            </when>
            <otherwise>
                ORDER BY BOARD_NO DESC
            </otherwise>
        </choose>
    </select>
    <update id="updateBoard">
        UPDATE BOARD
        SET BOARD_TITLE = #{pboardTitle},
        BOARD_CONTENT = #{boardContent},
        ORIGIN_NAME = #{originName},
        CHANGE_NAME = #{changeName}
        WHERE BOARD_NO = #{boardNo}
    </update>
</mapper>